Pregnancies,Glucose,BloodPressure,SkinThickness,Insulin,BMI,DiabetesPedigreeFunction,Age,Actual,Predicted_NaiveBayes
2,185,41,14,82,23.7,0.865,66,1,1
10,155,58,45,48,34.2,0.753,36,1,1
4,190,108,19,267,21.6,1.275,71,1,1
2,166,63,34,247,22.8,2.226,39,1,1
5,197,103,46,76,18.6,1.102,27,1,1
12,179,88,19,208,21.3,2.21,79,1,1
2,123,48,43,103,26.3,0.723,36,0,1
8,73,55,10,144,30.2,0.469,33,1,1
11,199,108,18,133,25.2,0.189,54,1,1
6,131,62,27,263,47.8,2.302,41,1,1
8,95,68,38,118,44.6,1.458,52,1,1
3,193,86,15,214,40.0,1.751,45,1,1
11,102,101,30,147,25.6,0.501,48,0,0
11,112,105,26,159,35.7,0.935,64,1,1
13,77,40,34,171,39.2,1.581,52,1,1
12,75,62,57,83,32.0,1.492,28,1,1
7,185,114,26,237,18.8,2.471,44,1,1
7,91,101,10,15,24.6,0.524,26,0,0
1,123,63,28,40,23.7,1.222,44,0,1
9,97,48,56,61,36.1,0.428,45,1,1
13,173,60,14,89,39.1,1.731,37,1,1
0,170,87,46,252,47.4,1.238,65,1,1
7,168,76,13,118,24.6,0.741,79,1,1
2,155,52,20,132,27.2,0.486,52,1,1
6,182,85,22,18,30.8,1.111,22,1,1
1,189,97,37,50,31.1,0.143,68,1,1
6,122,42,12,150,48.0,2.455,21,1,1
6,193,51,11,123,31.3,1.578,41,1,1
2,132,58,56,100,20.6,2.082,73,1,0
11,172,115,17,141,22.0,2.366,48,1,1
14,74,102,36,61,19.0,1.622,60,0,0
11,119,77,19,53,18.4,2.209,57,0,0
5,153,75,47,18,18.9,0.624,34,1,1
13,96,51,37,273,24.7,0.239,43,0,0
5,120,55,21,228,45.8,1.793,52,1,1
9,173,104,56,115,24.1,0.942,66,1,1
14,170,78,13,29,33.2,0.789,79,1,1
8,138,119,27,39,39.2,1.998,21,1,1
4,139,89,19,160,20.7,0.659,30,1,1
11,86,64,39,52,38.0,0.637,63,1,1
12,193,96,32,151,48.4,2.206,67,1,1
8,93,92,46,49,22.5,0.411,79,0,0
10,129,116,41,275,41.4,1.616,52,1,1
4,144,87,10,62,37.4,1.857,66,1,1
3,144,68,14,20,23.0,1.127,43,1,1
13,195,58,37,245,33.9,0.285,34,1,1
8,173,66,51,167,26.8,2.079,30,1,1
9,86,89,39,157,36.4,1.522,51,1,1
6,105,110,29,193,37.1,2.182,41,1,1
11,118,51,14,115,26.6,0.639,36,0,1
11,192,43,55,159,36.6,0.257,30,1,1
13,175,60,10,37,31.9,0.263,65,1,1
8,121,90,42,125,42.0,1.369,75,1,1
3,105,58,30,247,48.3,2.066,36,1,1
7,198,100,32,271,47.9,1.761,55,1,1
13,102,62,54,127,44.6,1.559,65,1,1
7,99,73,40,121,36.4,2.195,33,1,1
9,137,62,26,187,38.9,1.572,36,1,1
0,121,71,51,268,20.4,2.337,21,0,0
8,186,92,26,109,35.7,1.523,55,1,1
